ue1,101010123456790,10112233445566778899aabbccddef00,63bfa50ee6523365ff14c1f45f88737e,6001,100000001291
ue2,101010123456791,10112233445566778899aabbccddef01,63bfa50ee6523365ff14c1f45f88737f,6002,100000001292
ue3,101010123456792,10112233445566778899aabbccddef02,63bfa50ee6523365ff14c1f45f887380,6003,100000001293
ue4,101010123456793,10112233445566778899aabbccddef03,63bfa50ee6523365ff14c1f45f887381,6004,100000001294
ue5,101010123456794,10112233445566778899aabbccddef04,63bfa50ee6523365ff14c1f45f887382,6005,100000001295
ue6,101010123456795,10112233445566778899aabbccddef05,63bfa50ee6523365ff14c1f45f887383,6006,100000001296
ue7,101010123456796,10112233445566778899aabbccddef06,63bfa50ee6523365ff14c1f45f887384,6007,100000001297
ue8,101010123456797,10112233445566778899aabbccddef07,63bfa50ee6523365ff14c1f45f887385,6008,100000001298
ue9,101010123456798,10112233445566778899aabbccddef08,63bfa50ee6523365ff14c1f45f887386,6009,100000001299
ue10,101010123456799,10112233445566778899aabbccddef09,63bfa50ee6523365ff14c1f45f887387,6010,10000000129a
ue11,101010123456800,10112233445566778899aabbccddef0a,63bfa50ee6523365ff14c1f45f887388,6011,10000000129b
ue12,101010123456801,10112233445566778899aabbccddef0b,63bfa50ee6523365ff14c1f45f887389,6012,10000000129c
ue13,101010123456802,10112233445566778899aabbccddef0c,63bfa50ee6523365ff14c1f45f88738a,6013,10000000129d
ue14,101010123456803,10112233445566778899aabbccddef0d,63bfa50ee6523365ff14c1f45f88738b,6014,10000000129e
ue15,101010123456804,10112233445566778899aabbccddef0e,63bfa50ee6523365ff14c1f45f88738c,6015,10000000129f
ue16,101010123456805,10112233445566778899aabbccddef0f,63bfa50ee6523365ff14c1f45f88738d,6016,1000000012a0
ue17,101010123456806,10112233445566778899aabbccddef10,63bfa50ee6523365ff14c1f45f88738e,6017,1000000012a1
ue18,101010123456807,10112233445566778899aabbccddef11,63bfa50ee6523365ff14c1f45f88738f,6018,1000000012a2
ue19,101010123456808,10112233445566778899aabbccddef12,63bfa50ee6523365ff14c1f45f887390,6019,1000000012a3
ue20,101010123456809,10112233445566778899aabbccddef13,63bfa50ee6523365ff14c1f45f887391,6020,1000000012a4
ue21,101010123456810,10112233445566778899aabbccddef14,63bfa50ee6523365ff14c1f45f887392,6021,1000000012a5
ue22,101010123456811,10112233445566778899aabbccddef15,63bfa50ee6523365ff14c1f45f887393,6022,1000000012a6
ue23,101010123456812,10112233445566778899aabbccddef16,63bfa50ee6523365ff14c1f45f887394,6023,1000000012a7
ue24,101010123456813,10112233445566778899aabbccddef17,63bfa50ee6523365ff14c1f45f887395,6024,1000000012a8
ue25,101010123456814,10112233445566778899aabbccddef18,63bfa50ee6523365ff14c1f45f887396,6025,1000000012a9
ue26,101010123456815,10112233445566778899aabbccddef19,63bfa50ee6523365ff14c1f45f887397,6026,1000000012aa
ue27,101010123456816,10112233445566778899aabbccddef1a,63bfa50ee6523365ff14c1f45f887398,6027,1000000012ab
ue28,101010123456817,10112233445566778899aabbccddef1b,63bfa50ee6523365ff14c1f45f887399,6028,1000000012ac
ue29,101010123456818,10112233445566778899aabbccddef1c,63bfa50ee6523365ff14c1f45f88739a,6029,1000000012ad
ue30,101010123456819,10112233445566778899aabbccddef1d,63bfa50ee6523365ff14c1f45f88739b,6030,1000000012ae
ue31,101010123456820,10112233445566778899aabbccddef1e,63bfa50ee6523365ff14c1f45f88739c,6031,1000000012af
ue32,101010123456821,10112233445566778899aabbccddef1f,63bfa50ee6523365ff14c1f45f88739d,6032,1000000012b0
ue33,101010123456822,10112233445566778899aabbccddef20,63bfa50ee6523365ff14c1f45f88739e,6033,1000000012b1
ue34,101010123456823,10112233445566778899aabbccddef21,63bfa50ee6523365ff14c1f45f88739f,6034,1000000012b2
ue35,101010123456824,10112233445566778899aabbccddef22,63bfa50ee6523365ff14c1f45f8873a0,6035,1000000012b3
ue36,101010123456825,10112233445566778899aabbccddef23,63bfa50ee6523365ff14c1f45f8873a1,6036,1000000012b4
ue37,101010123456826,10112233445566778899aabbccddef24,63bfa50ee6523365ff14c1f45f8873a2,6037,1000000012b5
ue38,101010123456827,10112233445566778899aabbccddef25,63bfa50ee6523365ff14c1f45f8873a3,6038,1000000012b6
ue39,101010123456828,10112233445566778899aabbccddef26,63bfa50ee6523365ff14c1f45f8873a4,6039,1000000012b7
ue40,101010123456829,10112233445566778899aabbccddef27,63bfa50ee6523365ff14c1f45f8873a5,6040,1000000012b8
ue41,101010123456830,10112233445566778899aabbccddef28,63bfa50ee6523365ff14c1f45f8873a6,6041,1000000012b9
ue42,101010123456831,10112233445566778899aabbccddef29,63bfa50ee6523365ff14c1f45f8873a7,6042,1000000012ba
ue43,101010123456832,10112233445566778899aabbccddef2a,63bfa50ee6523365ff14c1f45f8873a8,6043,1000000012bb
ue44,101010123456833,10112233445566778899aabbccddef2b,63bfa50ee6523365ff14c1f45f8873a9,6044,1000000012bc
ue45,101010123456834,10112233445566778899aabbccddef2c,63bfa50ee6523365ff14c1f45f8873aa,6045,1000000012bd
ue46,101010123456835,10112233445566778899aabbccddef2d,63bfa50ee6523365ff14c1f45f8873ab,6046,1000000012be
ue47,101010123456836,10112233445566778899aabbccddef2e,63bfa50ee6523365ff14c1f45f8873ac,6047,1000000012bf
ue48,101010123456837,10112233445566778899aabbccddef2f,63bfa50ee6523365ff14c1f45f8873ad,6048,1000000012bf
ue49,101010123456838,10112233445566778899aabbccddef30,63bfa50ee6523365ff14c1f45f8873ae,6049,1000000012c0
ue50,101010123456839,10112233445566778899aabbccddef31,63bfa50ee6523365ff14c1f45f8873af,6050,1000000012c1
ue51,101010123456840,10112233445566778899aabbccddef32,63bfa50ee6523365ff14c1f45f8873b0,6051,1000000012c2
ue52,101010123456841,10112233445566778899aabbccddef33,63bfa50ee6523365ff14c1f45f8873b1,6052,1000000012c3
ue53,101010123456842,10112233445566778899aabbccddef34,63bfa50ee6523365ff14c1f45f8873b2,6053,1000000012c4
ue54,101010123456843,10112233445566778899aabbccddef35,63bfa50ee6523365ff14c1f45f8873b3,6054,1000000012c5
ue55,101010123456844,10112233445566778899aabbccddef36,63bfa50ee6523365ff14c1f45f8873b4,6055,1000000012c6
ue56,101010123456845,10112233445566778899aabbccddef37,63bfa50ee6523365ff14c1f45f8873b5,6056,1000000012c7
ue57,101010123456846,10112233445566778899aabbccddef38,63bfa50ee6523365ff14c1f45f8873b6,6057,1000000012c8
ue58,101010123456847,10112233445566778899aabbccddef39,63bfa50ee6523365ff14c1f45f8873b7,6058,1000000012c9
ue59,101010123456848,10112233445566778899aabbccddef3a,63bfa50ee6523365ff14c1f45f8873b8,6059,1000000012ca
ue60,101010123456849,10112233445566778899aabbccddef3b,63bfa50ee6523365ff14c1f45f8873b9,6060,1000000012cb
ue61,101010123456850,10112233445566778899aabbccddef3c,63bfa50ee6523365ff14c1f45f8873ba,6061,1000000012cc
ue62,101010123456851,10112233445566778899aabbccddef3d,63bfa50ee6523365ff14c1f45f8873bb,6062,1000000012cd
ue63,101010123456852,10112233445566778899aabbccddef3e,63bfa50ee6523365ff14c1f45f8873bc,6063,1000000012ce
ue64,101010123456853,10112233445566778899aabbccddef3f,63bfa50ee6523365ff14c1f45f8873bd,6064,1000000012cf
ue65,101010123456854,10112233445566778899aabbccddef40,63bfa50ee6523365ff14c1f45f8873be,6065,1000000012d0
ue66,101010123456855,10112233445566778899aabbccddef41,63bfa50ee6523365ff14c1f45f8873bf,6066,1000000012d1
ue67,101010123456856,10112233445566778899aabbccddef42,63bfa50ee6523365ff14c1f45f8873c0,6067,1000000012d2
ue68,101010123456857,10112233445566778899aabbccddef43,63bfa50ee6523365ff14c1f45f8873c1,6068,1000000012d3
ue69,101010123456858,10112233445566778899aabbccddef44,63bfa50ee6523365ff14c1f45f8873c2,6069,1000000012d4
ue70,101010123456859,10112233445566778899aabbccddef45,63bfa50ee6523365ff14c1f45f8873c3,6070,1000000012d5
ue71,101010123456860,10112233445566778899aabbccddef46,63bfa50ee6523365ff14c1f45f8873c4,6071,1000000012d6
ue72,101010123456861,10112233445566778899aabbccddef47,63bfa50ee6523365ff14c1f45f8873c5,6072,1000000012d7
ue73,101010123456862,10112233445566778899aabbccddef48,63bfa50ee6523365ff14c1f45f8873c6,6073,1000000012d8
ue74,101010123456863,10112233445566778899aabbccddef49,63bfa50ee6523365ff14c1f45f8873c7,6074,1000000012d9
ue75,101010123456864,10112233445566778899aabbccddef4a,63bfa50ee6523365ff14c1f45f8873c8,6075,1000000012da
ue76,101010123456865,10112233445566778899aabbccddef4b,63bfa50ee6523365ff14c1f45f8873c9,6076,1000000012db
ue77,101010123456866,10112233445566778899aabbccddef4c,63bfa50ee6523365ff14c1f45f8873ca,6077,1000000012dc
ue78,101010123456867,10112233445566778899aabbccddef4d,63bfa50ee6523365ff14c1f45f8873cb,6078,1000000012dd
ue79,101010123456868,10112233445566778899aabbccddef4e,63bfa50ee6523365ff14c1f45f8873cc,6079,1000000012de
ue80,101010123456869,10112233445566778899aabbccddef4f,63bfa50ee6523365ff14c1f45f8873cd,6080,1000000012df
ue81,101010123456870,10112233445566778899aabbccddef50,63bfa50ee6523365ff14c1f45f8873ce,6081,1000000012e0
ue82,101010123456871,10112233445566778899aabbccddef51,63bfa50ee6523365ff14c1f45f8873cf,6082,1000000012e1
ue83,101010123456872,10112233445566778899aabbccddef52,63bfa50ee6523365ff14c1f45f8873d0,6083,1000000012e2
ue84,101010123456873,10112233445566778899aabbccddef53,63bfa50ee6523365ff14c1f45f8873d1,6084,1000000012e3
ue85,101010123456874,10112233445566778899aabbccddef54,63bfa50ee6523365ff14c1f45f8873d2,6085,1000000012e4
ue86,101010123456875,10112233445566778899aabbccddef55,63bfa50ee6523365ff14c1f45f8873d3,6086,1000000012e5
ue87,101010123456876,10112233445566778899aabbccddef56,63bfa50ee6523365ff14c1f45f8873d4,6087,1000000012e6
ue88,101010123456877,10112233445566778899aabbccddef57,63bfa50ee6523365ff14c1f45f8873d5,6088,1000000012e7
ue89,101010123456878,10112233445566778899aabbccddef58,63bfa50ee6523365ff14c1f45f8873d6,6089,1000000012e8
ue90,101010123456879,10112233445566778899aabbccddef59,63bfa50ee6523365ff14c1f45f8873d7,6090,1000000012e9
ue91,101010123456880,10112233445566778899aabbccddef5a,63bfa50ee6523365ff14c1f45f8873d8,6091,1000000012ea
ue92,101010123456881,10112233445566778899aabbccddef5b,63bfa50ee6523365ff14c1f45f8873d9,6092,1000000012eb
ue93,101010123456882,10112233445566778899aabbccddef5c,63bfa50ee6523365ff14c1f45f8873da,6093,1000000012ec
ue94,101010123456883,10112233445566778899aabbccddef5d,63bfa50ee6523365ff14c1f45f8873db,6094,1000000012ed
ue95,101010123456884,10112233445566778899aabbccddef5e,63bfa50ee6523365ff14c1f45f8873dc,6095,1000000012ee
ue96,101010123456885,10112233445566778899aabbccddef5f,63bfa50ee6523365ff14c1f45f8873dd,6096,1000000012ef
ue97,101010123456886,10112233445566778899aabbccddef60,63bfa50ee6523365ff14c1f45f8873de,6097,1000000012f0
ue98,101010123456887,10112233445566778899aabbccddef61,63bfa50ee6523365ff14c1f45f8873df,6098,1000000012f1
ue99,101010123456888,10112233445566778899aabbccddef62,63bfa50ee6523365ff14c1f45f8873e0,6099,1000000012f2
ue100,101010123456889,10112233445566778899aabbccddef63,63bfa50ee6523365ff14c1f45f8873e1,6100,1000000012f3
